opcode,time
2,6.198883056640625e-06
32,2.5987625122070312e-05
65535,9.5367431640625e-07
