opcode,time
2,7.867813110351562e-06
2,2.1457672119140625e-06
8,1.7881393432617188e-05
65535,9.5367431640625e-07
