opcode,time
2,4.76837158203125e-06
2,4.76837158203125e-06
2,9.5367431640625e-07
22,5.0067901611328125e-06
18,9.5367431640625e-07
2,0.0
14,2.002716064453125e-05
2,8.106231689453125e-06
12,2.1457672119140625e-06
12,9.5367431640625e-07
15,1.1920928955078125e-05
65535,9.5367431640625e-07
