opcode,time
2,5.0067901611328125e-06
3,3.2901763916015625e-05
65535,0.0
