opcode,time
2,5.9604644775390625e-06
3,3.814697265625e-05
65535,0.0
