opcode,time
2,5.245208740234375e-06
4,3.719329833984375e-05
65535,9.5367431640625e-07
