opcode,time
4,3.886222839355469e-05
3,3.814697265625e-06
3,6.914138793945312e-05
3,2.86102294921875e-06
65535,0.0
