opcode,time
2,3.814697265625e-06
2,1.1920928955078125e-06
2,2.86102294921875e-06
2,9.5367431640625e-07
2,0.0
16,3.814697265625e-06
17,0.0
18,0.0
19,1.1920928955078125e-06
18,0.0
19,9.5367431640625e-07
20,0.0
21,1.1920928955078125e-06
22,0.0
23,0.0
22,0.0
23,0.0
65535,0.0
