opcode,time
37,0.008171796798706055
24,0.0287320613861084
65535,0.0
