opcode,time
2,5.9604644775390625e-06
7,9.5367431640625e-07
3,1.7881393432617188e-05
8,4.0531158447265625e-06
14,1.2636184692382812e-05
3,9.059906005859375e-06
12,9.5367431640625e-07
1,9.5367431640625e-07
3,3.0994415283203125e-06
12,2.1457672119140625e-06
1,9.5367431640625e-07
3,2.86102294921875e-06
12,9.5367431640625e-07
1,9.5367431640625e-07
3,2.86102294921875e-06
12,9.5367431640625e-07
1,0.0
3,2.1457672119140625e-06
12,6.198883056640625e-06
15,1.4066696166992188e-05
65535,0.0
