opcode,time
37,0.00010013580322265625
24,0.045205116271972656
65535,9.5367431640625e-07
