opcode,time
65522,0.0002841949462890625
37,0.0011780261993408203
24,0.056894779205322266
65535,9.5367431640625e-07
