opcode,time
2,4.0531158447265625e-06
5,1.3113021850585938e-05
2,9.5367431640625e-07
3,3.0994415283203125e-05
65535,0.0
